{"cameraMode":{"drawMode":0,"name":"Shaded","section":"Shading Mode"},"sceneLighting":true,"audioPlay":false,"sceneViewState":{"m_AlwaysRefresh":false,"showFog":true,"showSkybox":true,"showFlares":true,"showImageEffects":true,"showParticleSystems":true,"showVisualEffectGraphs":true,"m_FxEnabled":true},"in2DMode":false,"pivot":{"x":222.43153381347657,"y":-10.322346687316895,"z":377.44500732421877},"rotation":{"x":0.023705292493104936,"y":0.2490074336528778,"z":-0.005431107711046934,"w":0.968360185623169},"size":215.53302001953126,"orthographic":false}